YearTeam,RA/G,DefEff,E,DP,W,L,W-L%,ERA,tSho,H,ER,HR,BB,SO,R/G,R,H1,RBI,SB,SO 1,BA,OBP,SLG,GDP,LOB,salary,WAR
2009 ARI,4.83,0.683,124,133,70,92,0.432,4.42,12,1470,711,168,525,1158,4.44,720,1408,686,102,1298,0.253,0.324,0.418,93,1173,73516666,26.3
2009 ATL,3.96,0.686,96,159,86,76,0.531,3.57,10,1399,581,119,530,1232,4.54,735,1459,700,58,1064,0.263,0.339,0.405,142,1223,96726166,42.4
2009 BAL,5.41,0.68,90,151,64,98,0.395,5.15,3,1633,817,218,546,933,4.57,741,1508,708,76,1013,0.268,0.332,0.415,131,1160,67101666,22.4
2009 BOS,4.54,0.678,82,121,95,67,0.586,4.35,11,1494,695,167,530,1230,5.38,872,1495,822,126,1120,0.27,0.352,0.454,137,1210,121745999,50.8
2009 CHC,4.17,0.698,105,144,83,78,0.516,3.84,8,1329,616,160,586,1272,4.39,707,1398,678,56,1185,0.255,0.332,0.407,134,1209,134809000,34.5
2009 CHW,4.52,0.689,113,158,79,83,0.488,4.14,11,1438,663,169,507,1119,4.47,724,1410,695,113,1022,0.258,0.329,0.411,139,1086,96068500,34.5
2009 CIN,4.46,0.704,89,161,78,84,0.481,4.18,12,1420,677,188,577,1069,4.15,673,1349,637,96,1129,0.247,0.318,0.394,103,1131,73558500,24.7
2009 CLE,5.34,0.681,97,170,65,97,0.401,5.06,6,1570,806,183,598,986,4.77,773,1468,730,84,1211,0.264,0.339,0.417,140,1198,81579166,26.0
2009 COL,4.41,0.688,87,146,92,70,0.568,4.22,7,1427,675,141,528,1154,4.96,804,1408,760,106,1277,0.261,0.343,0.441,111,1147,75201000,39.7
2009 DET,4.57,0.694,88,164,86,77,0.528,4.29,9,1449,690,182,594,1102,4.56,743,1443,718,72,1114,0.26,0.331,0.416,131,1159,115085145,33.4
2009 FLA,4.73,0.686,106,129,87,75,0.537,4.29,5,1425,690,160,601,1248,4.77,772,1493,727,75,1226,0.268,0.34,0.416,110,1214,36834000,32.7
2009 HOU,4.75,0.677,78,161,74,88,0.457,4.54,10,1521,722,176,546,1144,3.97,643,1415,616,113,990,0.26,0.319,0.4,153,1080,102996414,19.4
2009 KCR,5.2,0.675,117,159,65,97,0.401,4.83,9,1486,765,166,600,1153,4.23,686,1432,657,88,1091,0.259,0.318,0.405,135,1090,70519333,20.0
2009 LAA,4.7,0.687,85,174,97,65,0.599,4.45,13,1513,715,180,523,1062,5.45,883,1604,841,148,1054,0.285,0.35,0.441,128,1134,113709000,43.8
2009 LAD,3.77,0.713,83,134,95,67,0.586,3.41,9,1265,558,127,584,1272,4.81,780,1511,739,116,1068,0.27,0.346,0.412,141,1224,100414592,48.8
2009 MIL,5.05,0.689,98,149,80,82,0.494,4.83,8,1498,770,207,607,1104,4.85,785,1447,757,68,1231,0.263,0.341,0.426,128,1203,80182502,25.5
2009 MIN,4.69,0.689,76,135,87,76,0.534,4.5,7,1542,726,185,466,1052,5.01,817,1539,770,85,1021,0.274,0.345,0.429,147,1185,65299266,40.2
2009 NYM,4.67,0.693,97,134,70,92,0.432,4.45,12,1452,705,158,616,1031,4.14,671,1472,631,122,928,0.27,0.335,0.394,144,1183,149373987,25.6
2009 NYY,4.65,0.698,86,131,103,59,0.636,4.26,8,1386,687,181,574,1260,5.65,915,1604,881,111,1014,0.283,0.362,0.478,144,1238,201449189,56.4
2009 OAK,4.7,0.682,105,155,75,87,0.463,4.26,10,1486,685,156,523,1124,4.69,759,1464,723,133,1046,0.262,0.328,0.397,130,1130,62310000,30.3
2009 PHI,4.38,0.693,76,132,93,69,0.574,4.16,9,1479,673,189,489,1153,5.06,820,1439,788,119,1155,0.258,0.334,0.447,90,1192,113004046,40.6
2009 PIT,4.77,0.69,73,171,62,99,0.385,4.59,7,1491,723,152,563,919,3.95,636,1364,612,90,1142,0.252,0.318,0.387,124,1124,48693000,17.0
2009 SDP,4.75,0.692,94,146,75,87,0.463,4.37,9,1422,704,167,603,1187,3.94,638,1315,605,82,1182,0.242,0.321,0.381,131,1168,43734200,17.7
2009 SEA,4.27,0.712,105,150,85,77,0.525,3.87,10,1359,625,172,534,1043,3.95,640,1430,613,89,1093,0.258,0.314,0.402,124,1121,82616450,33.5
2009 SFG,3.77,0.706,88,138,88,74,0.543,3.55,18,1268,571,140,584,1302,4.06,657,1411,612,78,1158,0.257,0.309,0.389,115,1080,98904166,34.3
2009 STL,3.95,0.694,96,167,91,71,0.562,3.66,11,1407,586,123,460,1049,4.51,730,1436,694,75,1041,0.263,0.332,0.415,127,1152,77605109,41.1
2009 TBR,4.65,0.695,98,135,84,78,0.519,4.33,5,1421,686,183,515,1125,4.96,803,1434,765,194,1229,0.263,0.343,0.439,104,1151,63313034,42.4
2009 TEX,4.57,0.697,106,168,87,75,0.537,4.38,11,1432,698,171,531,1016,4.84,784,1436,748,149,1253,0.26,0.32,0.445,97,1059,68178798,39.3
2009 TOR,4.76,0.681,76,168,75,87,0.463,4.47,10,1509,720,181,551,1181,4.93,798,1516,766,73,1028,0.266,0.333,0.44,130,1195,80538300,40.7
2009 WSN,5.4,0.683,143,155,59,103,0.364,5,3,1533,791,173,629,911,4.38,710,1416,685,73,1208,0.258,0.337,0.406,133,1223,60328000,14.9
2008 ARI,4.36,0.685,113,137,82,80,0.506,3.98,9,1403,635,147,451,1229,4.44,720,1355,683,58,1287,0.251,0.327,0.415,105,1142,66202712,30.1
2008 ATL,4.8,0.692,107,149,72,90,0.444,4.46,7,1439,714,156,586,1076,4.65,753,1514,721,58,1023,0.27,0.345,0.408,143,1274,102365683,28.4
2008 BAL,5.4,0.687,100,163,68,93,0.422,5.13,4,1538,810,184,687,922,4.86,782,1486,750,81,990,0.267,0.333,0.429,111,1134,67196246,24.4
2008 BOS,4.28,0.698,85,149,95,67,0.586,4.01,16,1369,645,147,548,1185,5.22,845,1565,807,120,1068,0.28,0.358,0.447,147,1262,133390035,54.2
2008 CHC,4.17,0.703,99,118,97,64,0.602,3.87,8,1329,624,160,548,1264,5.31,855,1552,811,87,1186,0.278,0.354,0.443,134,1237,118345833,49.0
2008 CHW,4.47,0.686,108,155,89,74,0.546,4.06,10,1471,658,156,460,1147,4.98,811,1458,785,67,1016,0.263,0.332,0.448,157,1067,121189332,45.0
2008 CIN,4.94,0.671,114,156,74,88,0.457,4.55,6,1542,729,201,557,1227,4.35,704,1351,677,85,1125,0.247,0.321,0.408,101,1138,74117695,21.0
2008 CLE,4.7,0.685,94,182,81,81,0.5,4.45,13,1530,711,170,444,986,4.97,805,1455,772,77,1213,0.262,0.339,0.424,123,1184,78970066,38.0
2008 COL,5.07,0.677,96,176,74,88,0.457,4.77,8,1547,766,148,562,1041,4.61,747,1462,714,141,1209,0.263,0.336,0.415,119,1207,68655500,26.6
2008 DET,5.29,0.683,113,172,74,88,0.457,4.9,2,1541,786,172,644,991,5.07,821,1529,780,63,1076,0.271,0.34,0.444,144,1159,137685196,30.3
2008 FLA,4.76,0.692,117,122,84,77,0.522,4.43,8,1421,707,161,586,1127,4.78,770,1397,741,76,1371,0.254,0.326,0.433,98,1140,21811500,28.6
2008 HOU,4.61,0.697,67,142,86,75,0.534,4.36,13,1453,691,197,492,1095,4.42,712,1432,684,114,1051,0.263,0.323,0.415,116,1073,88930414,27.1
2008 KCR,4.82,0.688,96,159,75,87,0.463,4.48,8,1473,720,159,515,1085,4.27,691,1507,650,79,1005,0.269,0.32,0.397,144,1073,58245500,28.9
2008 LAA,4.3,0.691,91,159,100,62,0.617,3.99,10,1455,644,160,457,1106,4.72,765,1486,721,129,987,0.268,0.33,0.413,140,1087,119216333,41.1
2008 LAD,4,0.69,101,138,84,78,0.519,3.68,11,1381,591,123,480,1205,4.32,700,1455,659,126,1032,0.264,0.333,0.399,153,1161,118588536,36.4
2008 MIL,4.25,0.7,101,160,90,72,0.556,3.85,10,1415,623,175,528,1110,4.63,750,1398,722,108,1203,0.253,0.325,0.431,97,1153,80937499,41.4
2008 MIN,4.57,0.684,108,168,88,75,0.54,4.16,10,1568,675,183,406,995,5.09,829,1572,791,102,979,0.279,0.34,0.408,142,1140,56932766,37.9
2008 NYM,4.41,0.699,83,126,89,73,0.549,4.07,12,1415,662,163,590,1181,4.93,799,1491,751,138,1024,0.266,0.34,0.42,129,1220,137793376,39.2
2008 NYY,4.49,0.682,83,141,89,73,0.549,4.28,11,1478,685,143,489,1141,4.87,789,1512,758,118,1015,0.271,0.342,0.427,149,1160,209081577,42.8
2008 OAK,4.29,0.699,98,169,75,86,0.466,4.01,7,1364,640,135,576,1061,4.01,646,1318,610,88,1226,0.242,0.318,0.369,126,1166,47967126,31.6
2008 PHI,4.2,0.695,90,142,92,70,0.568,3.88,11,1444,625,160,533,1081,4.93,799,1407,762,136,1117,0.255,0.332,0.438,108,1154,98269880,41.4
2008 PIT,5.46,0.675,107,179,67,95,0.414,5.08,7,1631,822,176,657,963,4.54,735,1454,705,57,1039,0.258,0.32,0.403,111,1135,48689783,15.0
2008 SDP,4.72,0.694,85,149,63,99,0.389,4.41,6,1466,714,165,561,1100,3.93,637,1390,615,36,1259,0.25,0.317,0.39,129,1181,73677616,20.8
2008 SEA,5.01,0.679,99,160,61,101,0.377,4.73,4,1544,754,161,626,1016,4.14,671,1498,631,90,890,0.265,0.318,0.389,137,1151,76594500,20.5
2008 SFG,4.69,0.685,96,129,72,90,0.444,4.38,12,1416,701,147,652,1240,3.95,640,1452,606,108,1044,0.262,0.321,0.382,139,1148,117666482,18.1
2008 STL,4.48,0.694,85,156,86,76,0.531,4.19,7,1517,677,163,496,957,4.81,779,1585,744,73,985,0.281,0.35,0.433,150,1241,99624449,39.7
2008 TBR,4.14,0.708,90,153,97,65,0.599,3.82,12,1349,618,166,526,1143,4.78,774,1443,735,142,1224,0.26,0.34,0.422,111,1215,43820597,50.3
2008 TEX,5.97,0.666,132,191,79,83,0.488,5.37,8,1647,860,176,625,963,5.56,901,1619,867,81,1207,0.283,0.354,0.462,117,1238,67712326,28.2
2008 TOR,3.77,0.703,84,137,86,76,0.531,3.49,13,1330,561,134,467,1184,4.41,714,1453,681,80,938,0.264,0.331,0.399,150,1155,97793900,46.9
2008 WSN,5.12,0.686,123,143,59,102,0.366,4.66,8,1496,742,190,588,1063,3.98,641,1376,608,81,1095,0.251,0.323,0.373,153,1178,54961000,13.6
2007 ARI,4.52,0.691,106,157,90,72,0.556,4.13,12,1446,662,169,546,1088,4.4,712,1350,687,109,1111,0.25,0.321,0.413,121,1090,52067546,29.7
2007 ATL,4.52,0.696,107,141,84,78,0.519,4.11,6,1442,665,172,537,1106,5,810,1562,781,64,1149,0.275,0.339,0.435,137,1205,87290833,39.2
2007 BAL,5.36,0.686,79,155,69,93,0.426,5.17,9,1491,827,161,696,1087,4.67,756,1529,718,144,939,0.272,0.333,0.412,139,1152,93174808,26.9
2007 BOS,4.06,0.704,81,145,96,66,0.593,3.87,13,1350,618,151,482,1149,5.35,867,1561,829,96,1042,0.279,0.362,0.444,146,1291,143026214,59.9
2007 CHC,4.26,0.704,94,134,85,77,0.525,4.04,10,1340,650,165,573,1211,4.64,752,1530,711,86,1054,0.271,0.333,0.422,127,1190,99670332,36.7
2007 CHW,5.18,0.68,108,168,72,90,0.444,4.77,9,1556,763,174,499,1015,4.28,693,1341,667,78,1149,0.246,0.318,0.404,138,1074,108671833,22.1
2007 CIN,5.27,0.676,95,155,72,90,0.444,4.94,7,1605,796,198,482,1068,4.83,783,1496,747,97,1113,0.267,0.335,0.436,140,1170,68524980,23.9
2007 CLE,4.35,0.685,92,167,96,66,0.593,4.05,9,1519,658,146,410,1047,5.01,811,1504,784,72,1202,0.268,0.343,0.428,114,1215,61673267,46.6
2007 COL,4.65,0.701,68,180,90,73,0.552,4.32,7,1497,706,164,504,967,5.28,860,1591,823,100,1152,0.28,0.354,0.437,140,1251,54041000,41.3
2007 DET,4.92,0.69,99,148,88,74,0.543,4.57,9,1498,735,174,566,1047,5.48,887,1652,857,103,1054,0.287,0.345,0.458,128,1148,94800369,40.3
2007 FLA,5.5,0.659,137,159,71,91,0.438,4.94,4,1617,793,176,661,1142,4.88,790,1504,749,105,1332,0.267,0.336,0.448,107,1192,30507000,23.0
2007 HOU,5.02,0.685,103,128,73,89,0.451,4.68,6,1566,761,206,510,1109,4.46,723,1457,700,65,1043,0.26,0.33,0.412,142,1181,87759000,23.1
2007 KCR,4.8,0.681,106,160,69,93,0.426,4.48,6,1547,716,168,520,993,4.36,706,1447,660,78,1069,0.261,0.322,0.388,151,1089,67116500,28.4
2007 LAA,4.51,0.678,101,154,94,68,0.58,4.23,9,1480,674,151,477,1156,5.07,822,1578,776,139,883,0.284,0.345,0.417,146,1100,109251333,41.5
2007 LAD,4.49,0.682,114,160,82,80,0.506,4.2,6,1443,677,146,518,1184,4.54,735,1544,706,137,864,0.275,0.337,0.406,116,1200,108454524,31.6
2007 MIL,4.79,0.675,109,144,83,79,0.512,4.41,6,1513,708,161,507,1174,4.94,801,1455,774,96,1137,0.262,0.329,0.456,112,1117,70986500,32.3
2007 MIN,4.48,0.685,96,151,79,83,0.488,4.15,8,1505,663,185,420,1094,4.43,718,1460,671,112,839,0.264,0.33,0.391,149,1121,71439500,35.3
2007 NYM,4.63,0.698,101,124,88,74,0.543,4.26,10,1415,687,165,570,1134,4.96,804,1543,761,200,981,0.275,0.342,0.432,114,1196,115231663,38.2
2007 NYY,4.8,0.689,88,174,94,68,0.58,4.49,5,1498,724,150,578,1009,5.98,968,1656,929,123,991,0.29,0.366,0.463,138,1249,189259045,54.5
2007 OAK,4.68,0.691,90,153,76,86,0.469,4.28,9,1468,689,138,530,1036,4.57,741,1430,711,52,1119,0.256,0.338,0.407,142,1258,79366940,35.8
2007 PHI,5.07,0.686,89,162,89,73,0.549,4.73,5,1555,767,198,558,1050,5.51,892,1558,850,138,1205,0.274,0.354,0.458,125,1295,89428213,37.8
2007 PIT,5.22,0.673,83,190,68,94,0.42,4.93,5,1627,793,174,518,997,4.47,724,1463,694,68,1135,0.263,0.325,0.411,130,1119,38537833,17.4
2007 SDP,4.09,0.699,94,147,89,74,0.546,3.7,20,1406,611,119,474,1136,4.55,741,1408,704,55,1229,0.251,0.322,0.411,113,1152,58110567,37.3
2007 SEA,5.02,0.672,90,167,88,74,0.543,4.73,12,1578,754,147,546,1020,4.9,794,1629,754,81,861,0.287,0.337,0.425,154,1128,90219056,34.4
2007 SFG,4.44,0.694,88,148,71,91,0.438,4.19,10,1442,677,133,593,1057,4.22,683,1407,641,119,907,0.254,0.322,0.387,142,1141,106460833,25.6
2007 STL,5.12,0.689,121,155,78,84,0.481,4.65,8,1514,741,168,509,945,4.48,725,1513,690,56,909,0.274,0.337,0.405,154,1167,90286823,21.6
2007 TBD,5.83,0.652,117,155,66,96,0.407,5.53,2,1649,879,199,568,1194,4.83,782,1500,750,131,1324,0.268,0.336,0.433,119,1166,24123500,25.7
2007 TEX,5.21,0.679,124,179,75,87,0.463,4.75,6,1525,755,155,668,976,5.04,816,1460,768,88,1224,0.263,0.328,0.426,129,1092,68318675,27.4
2007 TOR,4.31,0.703,102,160,83,79,0.512,4,9,1383,644,157,479,1067,4.65,753,1434,719,57,1044,0.259,0.327,0.419,127,1112,81942800,41.1
2007 WSN,4.83,0.698,109,153,73,89,0.451,4.58,6,1502,736,187,580,931,4.15,673,1415,646,69,1128,0.256,0.325,0.39,143,1163,36947500,20.5
2006 ARI,4.86,0.685,104,172,76,86,0.469,4.48,9,1503,727,168,536,1115,4.77,773,1506,743,76,965,0.267,0.331,0.424,136,1166,59684226,30.2
2006 ATL,4.97,0.686,99,146,79,83,0.488,4.6,6,1529,736,183,572,1049,5.24,849,1510,818,52,1169,0.27,0.337,0.455,131,1105,90156876,32.4
2006 BAL,5.55,0.678,102,156,70,92,0.432,5.35,9,1579,843,216,613,1016,4.74,768,1556,727,121,878,0.277,0.339,0.424,145,1177,72585582,25.4
2006 BOS,5.09,0.679,66,174,86,76,0.531,4.83,6,1570,773,181,509,1070,5.06,820,1510,777,51,1056,0.269,0.351,0.435,136,1301,120099824,37.6
2006 CHC,5.15,0.698,106,122,66,96,0.407,4.74,7,1396,758,210,687,1250,4.42,716,1496,677,121,928,0.268,0.319,0.422,135,1082,94424499,20.1
2006 CHW,4.9,0.693,90,145,90,72,0.556,4.61,11,1534,743,200,433,1012,5.36,868,1586,839,93,1056,0.28,0.342,0.464,118,1125,102750667,42.0
2006 CIN,4.94,0.68,128,139,80,82,0.494,4.51,10,1576,725,213,464,1053,4.62,749,1419,718,124,1192,0.257,0.336,0.432,122,1196,60909519,29.6
2006 CLE,4.83,0.675,118,165,78,84,0.481,4.41,13,1583,698,166,429,948,5.37,870,1576,839,55,1204,0.28,0.349,0.457,127,1162,56031500,40.9
2006 COL,5.01,0.683,91,190,76,86,0.469,4.66,8,1549,749,155,553,952,5.02,813,1504,761,85,1108,0.27,0.341,0.433,119,1174,41233000,31.7
2006 DET,4.17,0.701,106,162,95,67,0.586,3.84,16,1420,618,160,489,1003,5.07,822,1548,785,60,1133,0.274,0.329,0.449,120,1068,82612866,47.3
2006 FLA,4.77,0.683,126,166,78,84,0.481,4.37,6,1465,696,166,622,1088,4.68,758,1454,713,110,1249,0.264,0.331,0.435,109,1126,14998500,31.9
2006 HOU,4.44,0.701,80,164,82,80,0.506,4.08,12,1425,666,182,480,1160,4.54,735,1407,708,79,1076,0.255,0.332,0.409,122,1191,92551503,31.6
2006 KCR,5.99,0.676,98,189,62,100,0.383,5.65,5,1648,896,213,637,904,4.67,757,1515,718,65,1040,0.271,0.332,0.411,130,1144,47294000,14.5
2006 LAA,4.52,0.69,124,154,89,73,0.549,4.04,12,1410,652,158,471,1164,4.73,766,1539,737,148,914,0.274,0.334,0.425,126,1121,103472000,40.4
2006 LAD,4.64,0.681,115,174,88,74,0.543,4.23,10,1524,686,152,492,1068,5.06,820,1552,787,128,959,0.276,0.348,0.432,140,1223,98447187,38.0
2006 MIL,5.14,0.685,117,126,75,87,0.463,4.82,8,1454,763,177,514,1145,4.51,730,1400,695,71,1233,0.258,0.327,0.42,133,1108,57568333,19.6
2006 MIN,4.22,0.685,84,135,96,66,0.593,3.95,6,1490,632,182,356,1164,4.94,801,1608,754,101,872,0.287,0.347,0.425,163,1143,63396006,47.3
2006 NYM,4.51,0.701,104,131,97,65,0.599,4.14,12,1402,673,180,527,1161,5.15,834,1469,800,146,1071,0.264,0.334,0.445,114,1115,101084963,40.8
2006 NYY,4.73,0.696,104,145,97,65,0.599,4.41,8,1463,708,170,496,1019,5.74,930,1608,902,139,1053,0.285,0.363,0.461,139,1253,194663079,51.0
2006 OAK,4.49,0.688,84,173,93,69,0.574,4.21,11,1525,679,162,529,1003,4.76,771,1429,735,61,976,0.26,0.34,0.412,170,1187,62243079,38.5
2006 PHI,5.01,0.681,104,153,85,77,0.525,4.6,6,1561,747,211,512,1138,5.34,865,1518,823,92,1203,0.267,0.347,0.447,115,1275,88273333,37.8
2006 PIT,4.92,0.674,104,168,67,95,0.414,4.52,10,1545,720,156,620,1060,4.27,691,1462,656,68,1200,0.263,0.327,0.397,153,1175,46717750,20.9
2006 SDP,4.19,0.71,92,138,88,74,0.543,3.87,11,1385,629,176,468,1097,4.51,731,1465,698,123,1104,0.263,0.332,0.416,127,1188,69896141,41.6
2006 SEA,4.89,0.69,88,150,78,84,0.481,4.6,6,1500,739,183,560,1067,4.67,756,1540,703,106,974,0.272,0.325,0.424,117,1110,90056419,32.8
2006 SFG,4.91,0.7,91,132,76,85,0.472,4.63,9,1422,735,153,584,992,4.63,746,1418,711,58,891,0.259,0.324,0.422,136,1092,87959833,22.9
2006 STL,4.73,0.697,98,170,83,78,0.516,4.54,9,1475,721,193,504,970,4.85,781,1484,745,59,922,0.269,0.337,0.431,129,1158,88891371,30.5
2006 TBD,5.28,0.671,116,156,61,101,0.377,4.96,7,1600,782,180,606,979,4.25,689,1395,650,134,1106,0.255,0.314,0.42,101,1038,35417967,19.7
2006 TEX,4.84,0.678,98,174,80,82,0.494,4.6,8,1558,731,162,496,972,5.15,835,1571,799,53,1061,0.278,0.338,0.446,148,1139,68228662,35.8
2006 TOR,4.65,0.693,99,157,87,75,0.537,4.37,6,1447,694,185,504,1076,4.99,809,1591,778,65,906,0.284,0.348,0.463,166,1162,71915000,45.1
2006 WSN,5.38,0.689,131,123,71,91,0.438,5.03,3,1535,803,193,584,960,4.6,746,1437,695,123,1156,0.262,0.338,0.418,118,1194,63143000,21.1
2005 ARI,5.28,0.683,94,159,77,85,0.475,4.84,10,1580,783,193,537,1038,4.3,696,1419,670,67,1094,0.256,0.332,0.421,132,1247,62329166,18.6
2005 ATL,4.16,0.693,86,170,90,72,0.556,3.98,12,1487,639,145,520,929,4.75,769,1453,733,92,1084,0.265,0.333,0.435,146,1114,86457302,40.2
2005 BAL,4.94,0.692,107,154,74,88,0.457,4.56,9,1458,724,180,580,1052,4.5,729,1492,700,83,902,0.269,0.327,0.434,145,1103,73914333,32.3
2005 BOS,4.97,0.682,109,135,95,67,0.586,4.74,8,1550,752,164,440,959,5.62,910,1579,863,45,1044,0.281,0.357,0.454,135,1249,123505125,47.8
2005 CHC,4.41,0.699,101,136,79,83,0.488,4.19,10,1357,671,186,576,1256,4.34,703,1506,674,65,920,0.27,0.324,0.44,131,1133,87032933,35.5
2005 CHW,3.98,0.711,94,166,99,63,0.611,3.61,10,1392,592,167,459,1040,4.57,741,1450,713,137,1002,0.262,0.322,0.425,122,1032,75178000,46.0
2005 CIN,5.45,0.676,104,133,73,89,0.451,5.15,1,1657,820,219,492,955,5.03,820,1453,784,72,1303,0.261,0.339,0.446,116,1176,61892583,23.1
2005 CLE,3.96,0.709,106,156,93,69,0.574,3.61,10,1363,582,157,413,1050,4.88,790,1522,760,62,1093,0.271,0.334,0.453,128,1148,41502500,52.7
2005 COL,5.32,0.67,118,158,67,95,0.414,5.13,4,1600,808,175,604,981,4.57,740,1477,704,65,1103,0.267,0.333,0.411,125,1197,48155000,18.8
2005 DET,4.86,0.695,110,171,71,91,0.438,4.51,2,1504,719,193,461,907,4.46,723,1521,678,66,1038,0.272,0.321,0.428,137,1077,69092000,29.0
2005 FLA,4.52,0.677,103,177,83,79,0.512,4.16,15,1459,666,116,563,1125,4.43,717,1499,678,96,918,0.272,0.339,0.409,144,1181,60408834,31.2
2005 HOU,3.74,0.705,89,146,89,73,0.549,3.51,11,1336,563,155,440,1164,4.25,693,1400,654,115,1037,0.256,0.322,0.408,116,1136,76779000,40.9
2005 KCR,5.77,0.666,125,163,56,106,0.346,5.49,4,1640,862,178,580,924,4.33,701,1445,653,53,1008,0.263,0.32,0.396,139,1062,36881000,8.8
2005 LAA,3.97,0.7,87,139,95,67,0.586,3.68,11,1419,598,158,443,1126,4.7,761,1520,726,161,848,0.27,0.325,0.409,125,1086,97725322,46.0
2005 LAD,4.66,0.699,106,141,71,91,0.438,4.38,9,1434,695,182,471,1004,4.23,685,1374,653,58,1094,0.253,0.326,0.395,139,1135,83039000,16.9
2005 MIL,4.3,0.696,119,139,81,81,0.5,3.97,6,1382,635,169,569,1173,4.48,726,1413,689,79,1162,0.259,0.331,0.423,137,1120,39934833,34.2
2005 MIN,4.09,0.702,102,171,83,79,0.512,3.71,8,1458,604,169,348,965,4.25,688,1441,644,102,978,0.259,0.323,0.391,155,1109,56186000,37.1
2005 NYM,4,0.7,106,146,83,79,0.512,3.76,11,1390,599,135,491,1012,4.46,722,1421,683,153,1075,0.258,0.322,0.416,103,1122,101305821,40.1
2005 NYY,4.87,0.69,95,151,95,67,0.586,4.52,14,1495,718,164,463,985,5.47,886,1552,847,84,989,0.276,0.355,0.45,125,1264,208306817,48.3
2005 OAK,4.06,0.715,88,166,88,74,0.543,3.69,12,1315,594,154,504,1075,4.77,772,1476,739,31,819,0.262,0.33,0.407,148,1170,55425762,46.5
2005 PHI,4.48,0.703,90,132,88,74,0.543,4.21,6,1379,672,189,487,1159,4.98,807,1494,760,116,1083,0.27,0.348,0.423,107,1251,95522000,35.6
2005 PIT,4.75,0.693,117,193,67,95,0.414,4.42,14,1456,706,162,612,958,4.2,680,1445,656,73,1092,0.259,0.322,0.4,130,1193,38133000,22.7
2005 SDP,4.48,0.689,109,136,82,80,0.506,4.13,8,1452,668,146,503,1133,4.22,684,1416,655,99,977,0.257,0.333,0.391,122,1220,63290833,26.4
2005 SEA,4.64,0.701,86,144,69,93,0.426,4.49,7,1483,712,179,496,892,4.31,699,1408,657,102,986,0.256,0.317,0.391,115,1076,90199500,27.2
2005 SFG,4.6,0.699,90,146,75,87,0.463,4.33,8,1456,695,151,592,972,4.01,649,1427,617,71,901,0.261,0.319,0.396,147,1093,87754334,20.4
2005 STL,3.91,0.703,100,196,100,62,0.617,3.49,14,1399,560,153,443,974,4.97,805,1494,757,83,947,0.27,0.339,0.423,127,1152,92106833,46.8
2005 TBD,5.78,0.681,124,139,67,95,0.414,5.39,4,1570,851,194,615,949,4.63,750,1519,717,151,990,0.274,0.329,0.425,133,1065,29679067,20.9
2005 TEX,5.3,0.68,108,149,79,83,0.488,4.96,6,1589,794,159,522,932,5.34,865,1528,834,67,1112,0.267,0.329,0.468,123,1104,55849000,33.7
2005 TOR,4.35,0.701,95,154,80,82,0.494,4.06,8,1475,653,185,444,958,4.78,775,1480,735,72,955,0.265,0.331,0.407,126,1118,45719500,40.8
2005 WSN,4.15,0.697,92,156,81,81,0.5,3.87,9,1456,627,140,539,997,3.94,639,1367,615,45,1090,0.252,0.322,0.386,130,1137,48581500,30.1
2004 ANA,4.53,0.688,90,126,92,70,0.568,4.28,11,1476,692,170,502,1164,5.16,836,1603,783,143,942,0.282,0.341,0.429,123,1133,100534667,42.9
2004 ARI,5.55,0.682,139,144,51,111,0.315,4.98,6,1480,794,197,668,1153,3.8,615,1401,582,53,1022,0.253,0.31,0.393,137,1108,69780750,5.0
2004 ATL,4.12,0.688,116,171,96,66,0.593,3.74,13,1475,603,154,523,1025,4.96,803,1503,767,86,1158,0.27,0.343,0.434,123,1230,90182500,41.1
2004 BAL,5.12,0.686,110,161,78,84,0.481,4.7,10,1488,760,159,687,1090,5.2,842,1614,803,101,949,0.281,0.345,0.432,126,1216,51623333,38.2
2004 BOS,4.74,0.693,118,129,98,64,0.605,4.18,12,1430,674,159,447,1132,5.86,949,1613,912,68,1189,0.282,0.36,0.472,123,1257,127298500,53.5
2004 CHC,4.1,0.697,86,126,89,73,0.549,3.81,6,1363,621,169,545,1346,4.87,789,1508,755,66,1080,0.268,0.328,0.458,120,1121,90560000,45.4
2004 CHW,5.13,0.693,100,167,83,79,0.512,4.91,8,1505,782,224,527,1013,5.34,865,1481,823,78,1030,0.268,0.333,0.457,119,1031,65212500,35.9
2004 CIN,5.6,0.688,113,123,76,86,0.469,5.19,8,1595,832,236,572,992,4.63,750,1380,713,77,1335,0.25,0.331,0.418,125,1176,46615250,12.5
2004 CLE,5.29,0.684,106,152,80,82,0.494,4.81,8,1553,784,201,579,1115,5.3,858,1565,820,94,1009,0.276,0.351,0.444,143,1197,34319300,37.2
2004 COL,5.7,0.677,89,161,68,94,0.42,5.54,2,1634,883,198,697,947,5.14,833,1531,795,44,1181,0.275,0.345,0.455,132,1167,65445167,24.8
2004 DET,5.21,0.681,144,160,72,90,0.444,4.93,9,1542,788,190,530,995,5.1,827,1531,800,86,1144,0.272,0.337,0.449,110,1116,46832000,35.2
2004 FLA,4.32,0.699,86,153,83,79,0.512,4.1,14,1395,655,166,513,1116,4.43,718,1447,677,96,968,0.264,0.329,0.406,142,1127,42143042,30.6
2004 HOU,4.31,0.685,101,136,92,70,0.568,4.05,13,1416,650,174,525,1282,4.96,803,1458,756,89,999,0.267,0.342,0.436,128,1175,75397000,39.3
2004 KCR,5.59,0.674,131,169,58,104,0.358,5.15,3,1638,813,208,518,887,4.44,720,1432,675,67,1057,0.259,0.322,0.397,130,1099,47609000,16.5
2004 LAD,4.22,0.711,73,145,93,69,0.574,4.01,6,1386,647,178,521,1066,4.7,761,1450,731,102,1092,0.262,0.332,0.423,121,1152,92902001,40.1
2004 MIL,4.7,0.693,117,132,67,94,0.416,4.24,10,1440,679,164,476,1098,3.94,634,1358,601,138,1312,0.248,0.321,0.387,120,1199,27528500,21.3
2004 MIN,4.41,0.684,101,158,92,70,0.568,4.03,9,1523,661,167,431,1123,4.81,780,1494,735,116,982,0.266,0.332,0.431,130,1110,53585000,45.9
2004 MON,4.75,0.694,99,172,67,95,0.414,4.33,11,1477,696,191,582,1032,3.92,635,1361,605,109,925,0.249,0.313,0.392,115,1123,41197500,16.9
2004 NYM,4.51,0.696,137,144,71,91,0.438,4.09,6,1452,658,156,592,977,4.22,684,1376,658,107,1159,0.249,0.317,0.409,129,1142,96660970,25.8
2004 NYY,4.99,0.685,99,148,101,61,0.623,4.69,5,1532,752,182,445,1058,5.54,897,1483,863,84,982,0.268,0.353,0.458,157,1190,184193950,45.9
2004 OAK,4.58,0.698,91,172,91,71,0.562,4.17,8,1466,682,164,544,1034,4.9,793,1545,752,47,1061,0.27,0.343,0.433,142,1274,59425667,44.5
2004 PHI,4.82,0.702,81,142,86,76,0.531,4.45,5,1488,724,214,502,1070,5.19,840,1505,802,100,1133,0.267,0.345,0.443,123,1236,93219167,34.8
2004 PIT,4.62,0.684,103,189,72,89,0.447,4.29,8,1451,680,149,576,1079,4.22,680,1428,648,63,1066,0.26,0.321,0.401,117,1123,32227929,23.0
2004 SDP,4.35,0.693,108,146,87,75,0.537,4.03,8,1460,645,184,422,1079,4.74,768,1521,722,52,910,0.273,0.342,0.414,128,1235,55384833,38.8
2004 SEA,5.08,0.699,103,140,63,99,0.389,4.76,7,1498,772,212,575,1036,4.31,698,1544,658,110,1058,0.27,0.331,0.396,131,1241,82019166,28.1
2004 SFG,4.75,0.694,101,153,91,71,0.562,4.29,8,1481,695,161,548,1020,5.25,850,1500,805,43,874,0.27,0.357,0.438,142,1289,81515834,36.2
2004 STL,4.07,0.71,97,154,105,57,0.648,3.75,12,1378,605,169,440,1041,5.28,855,1544,817,111,1085,0.278,0.344,0.46,121,1156,83228333,47.2
2004 TBD,5.23,0.699,119,139,70,91,0.435,4.81,5,1459,757,192,580,923,4.43,714,1416,685,132,944,0.258,0.32,0.405,97,1096,29556667,23.6
2004 TEX,4.9,0.686,117,152,89,73,0.549,4.53,9,1536,724,182,547,979,5.31,860,1492,825,69,1099,0.266,0.329,0.457,91,1098,55050417,39.4
2004 TOR,5.11,0.691,91,150,67,94,0.416,4.91,11,1505,775,181,608,956,4.47,719,1438,680,58,1083,0.26,0.328,0.403,139,1164,50017000,27.4
2003 ANA,4.59,0.702,105,138,77,85,0.475,4.28,9,1444,680,190,486,980,4.54,736,1473,687,129,838,0.268,0.33,0.413,125,1086,79031667,33.7
2003 ARI,4.23,0.69,107,132,84,78,0.519,3.84,11,1379,621,150,526,1291,4.43,717,1467,696,76,1006,0.263,0.33,0.417,126,1185,80640333,35.9
2003 ATL,4.57,0.699,121,166,101,61,0.623,4.1,7,1425,663,147,555,992,5.6,907,1608,872,68,933,0.284,0.349,0.475,124,1170,106243667,45.2
2003 BAL,5.03,0.684,105,164,71,91,0.438,4.76,3,1579,767,198,526,981,4.56,743,1516,695,89,902,0.268,0.323,0.405,123,1121,73877500,31.3
2003 BOS,4.99,0.683,113,130,95,67,0.586,4.48,6,1503,729,153,488,1141,5.93,961,1667,932,88,943,0.289,0.36,0.491,126,1224,99946500,54.3
2003 CHC,4.22,0.692,106,157,88,74,0.543,3.83,14,1304,619,143,617,1404,4.47,724,1431,691,73,1158,0.259,0.323,0.416,135,1114,79868333,36.9
2003 CHW,4.41,0.705,93,154,86,76,0.531,4.17,4,1364,663,162,518,1056,4.88,791,1445,766,77,916,0.263,0.331,0.446,132,1074,51010000,43.3
2003 CIN,5.47,0.685,141,152,69,93,0.426,5.09,5,1578,818,209,590,932,4.28,694,1349,669,80,1326,0.245,0.318,0.395,102,1134,59355667,11.4
2003 CLE,4.8,0.698,126,178,68,94,0.42,4.21,7,1477,682,179,501,943,4.31,699,1413,660,86,1062,0.254,0.316,0.401,128,1068,45584834,30.3
2003 COL,5.51,0.678,116,165,74,88,0.457,5.2,4,1629,821,200,552,866,5.27,853,1472,814,63,1134,0.267,0.344,0.445,140,1156,67179667,22.5
2003 DET,5.73,0.685,138,194,43,119,0.265,5.3,5,1616,847,195,557,764,3.65,591,1312,553,98,1099,0.24,0.3,0.375,114,1047,49168000,4.0
2003 FLA,4.27,0.691,78,162,91,71,0.562,4.04,11,1415,648,128,530,1132,4.64,751,1459,709,150,978,0.266,0.333,0.421,114,1114,49050000,38.1
2003 HOU,4.18,0.705,95,149,87,75,0.537,3.86,5,1350,622,161,565,1139,4.97,805,1466,763,66,1021,0.263,0.336,0.431,125,1185,71040000,40.9
2003 KCR,5.35,0.69,108,143,83,79,0.512,5.05,10,1569,808,190,566,865,5.16,836,1526,781,120,926,0.274,0.336,0.427,128,1096,40518000,31.2
2003 LAD,3.43,0.702,119,164,85,77,0.525,3.16,17,1254,511,127,526,1289,3.54,574,1328,544,80,985,0.243,0.303,0.368,121,1108,105872620,33.1
2003 MIL,5.39,0.683,114,142,68,94,0.42,5.02,3,1590,810,219,575,1034,4.41,714,1423,685,99,1221,0.256,0.329,0.419,158,1155,40627000,16.3
2003 MIN,4.68,0.698,87,114,90,72,0.556,4.41,8,1526,716,187,402,997,4.94,801,1567,755,94,1027,0.277,0.341,0.431,139,1166,55505000,42.0
2003 MON,4.42,0.694,102,152,83,79,0.512,4.01,10,1467,640,181,463,1028,4.39,711,1404,682,100,990,0.258,0.326,0.401,143,1102,51948500,29.4
2003 NYM,4.68,0.688,118,158,66,95,0.41,4.48,10,1497,704,168,576,907,3.99,642,1317,607,70,1035,0.247,0.314,0.374,136,1086,117176429,17.7
2003 NYY,4.39,0.681,114,126,101,61,0.623,4.02,12,1512,653,145,375,1119,5.38,877,1518,845,98,1042,0.271,0.356,0.453,154,1239,152749814,57.0
2003 OAK,3.97,0.711,107,145,96,66,0.593,3.63,14,1336,582,140,499,1018,4.74,768,1398,742,48,898,0.254,0.327,0.417,118,1130,50260834,47.3
2003 PHI,4.3,0.701,97,146,86,76,0.531,4.04,13,1386,648,142,536,1060,4.88,791,1448,757,72,1155,0.261,0.343,0.419,120,1220,70780000,36.8
2003 PIT,4.94,0.691,123,159,75,87,0.463,4.64,10,1527,744,178,502,926,4.65,753,1492,711,86,1049,0.267,0.338,0.42,112,1214,54812429,26.3
2003 SDP,5.13,0.695,102,141,64,98,0.395,4.87,10,1458,774,208,611,1091,4.19,678,1442,641,76,1073,0.261,0.333,0.388,142,1219,47928000,16.0
2003 SEA,3.93,0.721,65,159,93,69,0.574,3.76,15,1340,602,173,466,1001,4.91,795,1509,759,108,989,0.271,0.344,0.41,130,1202,82852167,50.2
2003 SFG,3.96,0.71,80,163,100,61,0.621,3.73,10,1349,595,136,546,1006,4.69,755,1440,713,53,980,0.264,0.338,0.425,130,1188,86959167,39.9
2003 STL,4.91,0.7,77,138,85,77,0.525,4.6,10,1544,748,210,508,969,5.41,876,1580,827,82,952,0.279,0.35,0.454,136,1217,83486666,35.4
2003 TBD,5.26,0.708,103,158,63,99,0.389,4.93,7,1454,787,196,639,877,4.41,715,1501,678,142,1030,0.265,0.32,0.404,108,1129,19630000,26.1
2003 TEX,5.98,0.674,94,168,71,91,0.438,5.67,3,1625,903,208,603,1009,5.1,826,1506,799,65,1052,0.266,0.33,0.454,115,1141,103491667,24.4
2003 TOR,5.1,0.681,117,161,86,76,0.531,4.69,6,1560,748,184,485,984,5.52,894,1580,853,37,1081,0.279,0.349,0.455,146,1175,51269000,41.5
2018 ARI,3.98,0.698,75,152,82,80,0.506,3.72,9,1313,605,174,522,1448,4.28,693,1283,658,79,1460,0.235,0.31,0.397,110,1086,143324597,34.1
2018 ATL,4.06,0.709,80,134,90,72,0.556,3.75,11,1236,607,153,635,1423,4.69,759,1433,717,90,1290,0.257,0.324,0.417,99,1143,130649395,40.8
2018 BAL,5.51,0.674,104,159,47,115,0.29,5.18,7,1552,824,234,589,1203,3.84,622,1317,593,81,1412,0.239,0.298,0.391,132,1027,127633703,11.4
2018 BOS,3.99,0.693,77,106,108,54,0.667,3.75,14,1305,608,176,512,1558,5.41,876,1509,829,125,1253,0.268,0.339,0.453,130,1124,227398860,56.5
2018 CHC,3.96,0.7,104,155,95,68,0.583,3.65,18,1319,598,157,622,1333,4.67,761,1453,722,66,1388,0.258,0.333,0.41,107,1224,194259933,45.0
2018 CHW,5.23,0.69,114,134,62,100,0.383,4.83,8,1404,771,196,653,1259,4.05,656,1332,639,98,1594,0.241,0.302,0.401,99,1050,71839808,17.3
2018 CIN,5.06,0.685,95,144,67,95,0.414,4.63,6,1491,741,228,532,1258,4.3,696,1404,665,77,1376,0.254,0.328,0.401,128,1179,100305768,22.2
2018 CLE,4,0.688,83,123,91,71,0.562,3.77,17,1349,611,200,407,1544,5.05,818,1447,786,135,1189,0.259,0.332,0.434,98,1147,142804703,50.8
2018 COL,4.57,0.688,74,162,91,72,0.558,4.33,10,1377,699,184,525,1409,4.79,780,1418,748,95,1397,0.256,0.322,0.435,114,1067,143968544,36.6
2018 DET,4.91,0.694,95,126,64,98,0.395,4.58,2,1423,726,216,491,1215,3.89,630,1326,597,70,1341,0.241,0.3,0.38,110,1071,130959889,17.4
2018 HOU,3.3,0.705,63,116,103,59,0.636,3.11,12,1164,503,152,435,1687,4.92,797,1390,763,71,1197,0.255,0.329,0.425,156,1052,163524216,57.1
2018 KCR,5.14,0.68,77,142,58,104,0.358,4.94,8,1542,786,205,549,1157,3.94,638,1350,606,117,1310,0.245,0.305,0.392,123,1063,129944821,17.7
2018 LAA,4.46,0.693,76,173,80,82,0.494,4.15,9,1353,662,205,546,1386,4.45,721,1323,690,89,1300,0.242,0.313,0.413,111,1071,173784989,35.1
2018 LAD,3.74,0.698,100,111,92,71,0.564,3.38,11,1279,554,179,422,1565,4.93,804,1394,756,75,1436,0.25,0.333,0.442,119,1163,199582045,49.9
2018 MIA,5.02,0.697,83,133,63,98,0.391,4.76,12,1388,762,192,605,1249,3.66,589,1303,554,45,1384,0.237,0.303,0.357,119,1123,91817860,9.3
2018 MIL,4.04,0.704,108,141,96,67,0.589,3.73,14,1259,606,173,553,1428,4.63,754,1398,711,124,1458,0.252,0.323,0.424,128,1106,108982016,39.6
2018 MIN,4.78,0.682,97,127,78,84,0.481,4.5,7,1425,721,198,573,1377,4.56,738,1379,704,47,1328,0.25,0.318,0.405,89,1087,115509520,28.8
2018 NYM,4.36,0.691,88,121,77,85,0.475,4.07,15,1364,661,185,484,1446,4.17,676,1282,649,71,1404,0.234,0.312,0.389,116,1104,150187987,30.7
2018 NYY,4.13,0.684,94,95,100,62,0.617,3.78,11,1311,611,177,494,1634,5.25,851,1374,821,63,1421,0.249,0.329,0.451,107,1100,179598151,51.3
2018 OAK,4.16,0.717,89,125,97,65,0.599,3.81,14,1303,621,184,474,1237,5.02,813,1407,778,35,1381,0.252,0.325,0.439,136,1085,80315288,49.2
2018 PHI,4.49,0.677,123,138,80,82,0.494,4.14,12,1366,665,171,500,1465,4.18,677,1270,653,69,1520,0.234,0.314,0.393,102,1120,104297471,28.3
2018 PIT,4.3,0.686,105,128,82,79,0.509,4,16,1380,637,174,497,1336,4.3,692,1381,665,70,1229,0.254,0.317,0.407,121,1071,91025861,30.3
2018 SDP,4.73,0.68,100,127,66,96,0.407,4.4,5,1430,713,185,519,1399,3.81,617,1289,583,95,1523,0.235,0.297,0.38,122,1028,101343635,14.2
2018 SEA,4.39,0.691,88,152,89,73,0.549,4.13,12,1396,664,195,400,1328,4.18,677,1402,644,79,1221,0.254,0.314,0.408,128,1084,205665348,35.7
2018 SFG,4.31,0.692,97,160,73,89,0.451,3.95,15,1387,641,156,524,1269,3.72,603,1324,573,77,1467,0.239,0.3,0.368,113,1101,160993827,21.4
2018 STL,4.27,0.685,133,151,88,74,0.543,3.85,8,1354,622,144,593,1337,4.69,759,1369,725,63,1380,0.249,0.321,0.409,92,1101,163784311,31.4
2018 TBR,3.99,0.708,85,135,90,72,0.556,3.74,14,1236,602,164,501,1421,4.42,716,1415,664,128,1388,0.258,0.333,0.406,122,1156,68810167,46.4
2018 TEX,5.23,0.682,120,169,67,95,0.414,4.92,5,1516,783,222,491,1121,4.55,737,1308,696,74,1484,0.24,0.318,0.404,104,1093,140625018,27.8
2018 TOR,5.14,0.678,101,138,73,89,0.451,4.85,3,1476,772,208,551,1298,4.38,709,1336,680,47,1387,0.244,0.312,0.427,118,1036,150946147,23.1
2018 WSN,4.21,0.703,64,115,82,80,0.506,4.04,7,1320,649,198,487,1417,4.76,771,1402,737,119,1289,0.254,0.335,0.419,104,1180,181382609,39.7
2017 ARI,4.07,0.687,108,140,93,69,0.574,3.66,11,1309,586,171,516,1482,5.01,812,1405,776,103,1456,0.254,0.329,0.445,106,1118,102619475,47.0
2017 ATL,5.07,0.683,97,137,72,90,0.444,4.72,6,1463,756,192,584,1258,4.52,732,1467,706,77,1184,0.263,0.326,0.412,137,1127,105218575,20.4
2017 BAL,5.19,0.683,94,175,75,87,0.463,4.97,10,1505,795,242,579,1233,4.59,743,1469,713,32,1412,0.26,0.312,0.435,138,1041,176349127,24.9
2017 BOS,4.12,0.68,107,126,93,69,0.574,3.7,11,1384,610,195,465,1580,4.85,785,1461,735,106,1224,0.258,0.329,0.407,141,1134,209872508,41.9
2017 CHC,4.29,0.699,95,139,92,70,0.568,3.95,8,1294,636,194,554,1439,5.07,822,1402,785,62,1401,0.255,0.338,0.437,134,1147,172092536,42.4
2017 CHW,5.06,0.7,114,157,67,95,0.414,4.78,3,1384,755,242,632,1193,4.36,706,1412,670,71,1397,0.256,0.314,0.417,124,1055,86382688,25.6
2017 CIN,5.36,0.691,81,132,68,94,0.42,5.17,8,1442,821,248,631,1300,4.65,753,1390,715,120,1329,0.253,0.329,0.433,116,1135,96436003,21.6
2017 CLE,3.48,0.683,76,167,102,60,0.63,3.3,19,1267,529,163,406,1614,5.05,818,1449,780,88,1153,0.263,0.339,0.449,125,1158,131958928,61.2
2017 COL,4.67,0.683,77,168,87,75,0.537,4.51,9,1453,721,190,532,1270,5.09,824,1510,793,59,1408,0.273,0.338,0.444,143,1088,139324341,38.0
2017 DET,5.52,0.668,84,146,64,98,0.395,5.36,4,1587,846,218,538,1202,4.54,735,1435,699,65,1313,0.258,0.324,0.424,128,1104,188498884,22.2
2017 HOU,4.32,0.682,99,153,101,61,0.623,4.12,9,1314,662,192,522,1593,5.53,896,1581,854,98,1087,0.282,0.346,0.478,139,1094,138709677,52.9
2017 KCR,4.88,0.685,79,145,80,82,0.494,4.61,6,1480,737,196,519,1216,4.33,702,1436,660,91,1166,0.259,0.311,0.42,160,1005,148227822,29.0
2017 LAA,4.38,0.7,80,135,80,82,0.494,4.2,10,1373,672,224,470,1312,4.38,710,1314,678,136,1198,0.243,0.315,0.397,141,1033,166161209,30.1
2017 LAD,3.58,0.703,88,131,104,58,0.642,3.38,16,1226,543,184,442,1549,4.75,770,1347,730,77,1380,0.249,0.334,0.437,119,1146,259119625,49.5
2017 MIA,5.07,0.691,73,156,77,85,0.475,4.82,7,1450,772,193,627,1202,4.8,778,1497,743,91,1282,0.267,0.331,0.431,119,1130,110765599,26.7
2017 MIL,4.3,0.684,115,164,86,76,0.531,4,12,1381,642,185,553,1346,4.52,732,1363,695,128,1571,0.249,0.322,0.429,116,1088,68945179,37.2
2017 MIN,4.86,0.692,78,143,85,77,0.525,4.59,11,1487,732,224,483,1166,5.03,815,1444,781,95,1342,0.26,0.334,0.434,105,1147,121048871,36.8
2017 NYM,5.33,0.667,92,125,70,92,0.432,5.01,5,1538,799,220,593,1374,4.54,735,1379,713,58,1291,0.25,0.32,0.434,118,1099,143990158,19.5
2017 NYY,4.07,0.703,95,102,91,71,0.562,3.72,7,1248,599,192,504,1560,5.3,858,1463,821,90,1386,0.262,0.339,0.447,119,1184,209690952,53.1
2017 OAK,5.1,0.686,121,162,75,87,0.463,4.67,6,1444,743,210,502,1202,4.56,739,1344,708,57,1491,0.246,0.319,0.436,129,1075,73477080,27.8
2017 PHI,4.83,0.683,82,145,66,96,0.407,4.55,7,1471,729,221,527,1309,4.26,690,1382,654,59,1417,0.25,0.315,0.409,128,1079,104020808,25.2
2017 PIT,4.51,0.679,99,156,75,87,0.463,4.22,12,1464,676,182,511,1262,4.12,668,1331,635,67,1213,0.244,0.318,0.386,120,1129,98203030,25.1
2017 SDP,5.04,0.683,113,177,71,91,0.438,4.67,12,1417,742,226,554,1325,3.73,604,1251,576,89,1499,0.234,0.299,0.393,99,1037,77921678,13.7
2017 SEA,4.77,0.7,103,147,78,84,0.481,4.46,9,1399,713,237,490,1244,4.63,750,1436,714,89,1267,0.259,0.325,0.424,131,1084,189806809,33.9
2017 SFG,4.79,0.679,87,127,64,98,0.395,4.5,5,1515,726,182,496,1234,3.94,639,1382,612,76,1204,0.249,0.309,0.38,136,1093,161397330,16.7
2017 STL,4.35,0.687,94,164,83,79,0.512,4.01,12,1393,646,183,493,1351,4.7,761,1402,728,81,1348,0.256,0.334,0.426,139,1118,145256085,36.5
2017 TBR,4.35,0.701,100,129,80,82,0.494,3.97,9,1324,638,193,503,1352,4.28,694,1340,671,88,1538,0.245,0.317,0.422,115,1114,76311205,35.4
2017 TEX,5.04,0.695,108,173,78,84,0.481,4.66,6,1443,742,214,559,1107,4.93,799,1326,756,113,1493,0.244,0.32,0.43,110,1015,163350840,31.0
2017 TOR,4.84,0.682,92,145,76,86,0.469,4.42,6,1460,720,203,549,1372,4.28,693,1320,661,53,1327,0.24,0.312,0.412,153,1064,187067487,26.8
2017 WSN,4.15,0.698,86,139,97,65,0.599,3.88,5,1300,623,189,495,1457,5.06,819,1477,796,108,1327,0.266,0.332,0.449,116,1101,182238854,46.1
2016 ARI,5.49,0.665,101,143,69,93,0.426,5.09,7,1563,821,202,603,1318,4.64,752,1479,709,137,1427,0.261,0.32,0.432,117,1113,97874482,21.0
2016 ATL,4.84,0.692,101,134,68,93,0.422,4.51,9,1414,725,177,547,1227,4.03,649,1404,615,75,1240,0.255,0.321,0.384,145,1160,96080633,18.6
2016 BAL,4.41,0.688,80,165,89,73,0.549,4.22,9,1408,671,183,545,1248,4.59,744,1413,710,19,1324,0.256,0.317,0.443,119,1065,150302252,38.6
2016 BOS,4.28,0.695,75,139,93,69,0.574,4,5,1342,640,176,490,1362,5.42,878,1598,836,83,1160,0.282,0.348,0.461,137,1162,207758836,53.0
2016 CHC,3.43,0.728,101,116,103,58,0.64,3.15,15,1125,511,163,495,1441,4.99,808,1409,767,66,1339,0.256,0.343,0.429,107,1217,184352494,57.2
2016 CHW,4.41,0.687,95,148,78,84,0.481,4.1,10,1422,659,185,521,1270,4.23,686,1428,656,77,1285,0.257,0.317,0.41,122,1105,129715686,34.7
2016 CIN,5.27,0.694,102,142,68,94,0.42,4.91,8,1457,786,258,636,1241,4.42,716,1403,678,139,1284,0.256,0.316,0.408,129,1014,88626437,18.1
2016 CLE,4.2,0.696,89,126,94,67,0.584,3.84,11,1330,617,186,461,1398,4.83,777,1435,733,134,1246,0.262,0.329,0.43,137,1084,105971268,44.8
2016 COL,5.31,0.667,110,148,75,87,0.463,4.91,9,1532,779,181,547,1223,5.22,845,1544,805,66,1330,0.275,0.336,0.457,113,1089,107902280,29.9
2016 DET,4.48,0.689,75,148,86,75,0.534,4.24,8,1417,672,182,462,1232,4.66,750,1476,719,58,1303,0.267,0.331,0.438,135,1105,200179285,38.6
2016 HOU,4.33,0.681,77,135,84,78,0.519,4.06,8,1441,663,181,453,1396,4.47,724,1367,689,102,1452,0.247,0.319,0.417,134,1086,103328742,36.9
2016 KCR,4.4,0.687,94,134,81,81,0.5,4.21,7,1433,674,206,517,1287,4.17,675,1450,640,121,1224,0.261,0.312,0.4,134,1049,141587358,31.2
2016 LAA,4.49,0.685,97,148,74,88,0.457,4.28,12,1480,676,208,498,1136,4.43,717,1410,686,73,991,0.26,0.322,0.405,147,1037,174363407,29.8
2016 LAD,3.94,0.699,80,101,91,71,0.562,3.7,15,1266,598,165,464,1510,4.48,725,1376,680,45,1321,0.249,0.319,0.409,120,1106,268745494,39.6
2016 MIA,4.24,0.683,86,137,79,82,0.491,4.05,12,1358,646,152,595,1379,4.07,655,1460,626,71,1213,0.263,0.322,0.394,140,1171,77715306,30.7
2016 MIL,4.52,0.68,136,145,73,89,0.451,4.08,7,1450,650,178,532,1175,4.14,671,1299,641,181,1543,0.244,0.322,0.407,131,1071,62161191,29.2
2016 MIN,5.49,0.662,126,172,59,103,0.364,5.08,3,1617,814,221,479,1191,4.46,722,1409,690,91,1426,0.251,0.316,0.421,96,1124,97244457,18.3
2016 NYM,3.81,0.678,90,138,87,75,0.537,3.57,13,1397,574,152,439,1396,4.14,671,1342,649,42,1302,0.246,0.316,0.417,123,1120,147738514,37.6
2016 NYY,4.33,0.694,86,116,84,78,0.519,4.16,10,1358,660,214,444,1393,4.2,680,1378,647,72,1188,0.252,0.315,0.405,121,1098,220743376,33.4
2016 OAK,4.7,0.685,97,152,69,93,0.426,4.51,7,1459,718,185,464,1188,4.03,653,1352,634,50,1145,0.246,0.304,0.395,142,1036,82879088,23.2
2016 PHI,4.91,0.681,97,142,71,91,0.438,4.63,12,1468,739,213,466,1299,3.77,610,1305,574,96,1376,0.24,0.301,0.384,112,1043,103898809,12.5
2016 PIT,4.68,0.676,111,172,78,83,0.484,4.21,5,1490,679,180,533,1232,4.5,729,1426,696,110,1334,0.257,0.332,0.402,133,1173,99518136,29.1
2016 SDP,4.75,0.687,109,165,68,94,0.42,4.43,9,1425,708,183,569,1222,4.23,686,1275,654,125,1500,0.235,0.299,0.39,93,965,83507657,17.1
2016 SEA,4.36,0.694,89,158,86,76,0.531,4,8,1410,647,213,460,1318,4.74,768,1446,735,56,1288,0.259,0.326,0.43,138,1099,178326844,38.5
2016 SFG,3.9,0.702,72,136,87,75,0.537,3.65,11,1334,593,158,439,1309,4.41,715,1437,675,79,1107,0.258,0.329,0.398,120,1188,146536553,43.2
2016 STL,4.4,0.679,107,169,86,76,0.531,4.08,10,1432,656,159,475,1290,4.81,779,1415,745,35,1318,0.255,0.325,0.442,117,1113,149355870,39.1
2016 TBR,4.4,0.687,94,129,68,94,0.42,4.2,8,1395,665,210,491,1357,4.15,672,1333,647,60,1482,0.243,0.307,0.426,88,1060,63908549,32.4
2016 TEX,4.67,0.692,97,190,95,67,0.586,4.37,6,1441,700,201,534,1154,4.72,765,1446,746,99,1220,0.262,0.322,0.433,114,1038,163021690,35.6
2016 TOR,4.11,0.703,88,144,89,73,0.549,3.78,10,1340,613,183,461,1314,4.69,759,1358,728,54,1362,0.248,0.33,0.426,153,1120,152285479,44.0
2016 WSN,3.78,0.7,73,142,95,67,0.586,3.51,12,1272,570,155,468,1476,4.71,763,1403,735,121,1252,0.256,0.326,0.426,102,1105,139383852,43.6
2015 ARI,4.4,0.693,86,146,79,83,0.488,4.04,12,1450,659,182,500,1215,4.44,720,1494,680,132,1312,0.264,0.324,0.414,134,1153,76781801,37.1
2015 ATL,4.69,0.681,90,186,67,95,0.414,4.41,10,1462,698,170,550,1148,3.54,573,1361,548,69,1107,0.251,0.314,0.359,148,1145,110838389,16.5
2015 BAL,4.28,0.691,77,134,81,81,0.5,4.05,10,1406,646,174,483,1233,4.4,713,1370,686,44,1331,0.25,0.307,0.421,127,990,117784476,35.0
2015 BOS,4.65,0.68,97,148,78,84,0.481,4.31,10,1486,694,178,478,1218,4.62,748,1495,706,71,1148,0.265,0.325,0.415,127,1142,183481478,35.9
2015 CHC,3.75,0.695,111,120,97,65,0.599,3.36,21,1276,546,134,407,1431,4.25,689,1341,657,95,1518,0.244,0.321,0.398,101,1165,132993810,40.3
2015 CHW,4.33,0.673,101,159,76,86,0.469,3.98,9,1443,643,162,474,1359,3.84,622,1381,595,68,1231,0.25,0.306,0.38,125,1065,118875487,24.7
2015 CIN,4.65,0.689,90,131,64,98,0.395,4.33,8,1436,700,177,544,1252,3.95,640,1382,613,134,1255,0.248,0.312,0.394,112,1148,112333097,23.3
2015 CLE,3.98,0.699,79,136,81,80,0.503,3.67,10,1274,584,161,425,1407,4.16,669,1395,640,86,1157,0.256,0.325,0.401,134,1147,77404413,39.5
2015 COL,5.21,0.668,95,171,68,94,0.42,5.04,4,1579,799,183,579,1112,4.55,737,1479,702,97,1283,0.265,0.315,0.432,114,1016,106860781,21.7
2015 DET,4.99,0.69,86,165,74,87,0.46,4.64,12,1491,746,193,489,1100,4.28,689,1515,660,83,1259,0.27,0.328,0.42,152,1111,162160921,25.6
2015 HOU,3.81,0.701,85,131,86,76,0.531,3.57,13,1308,572,148,423,1280,4.5,729,1363,691,121,1392,0.25,0.315,0.437,102,1036,81450835,46.1
2015 KCR,3.96,0.701,88,138,95,67,0.586,3.73,8,1372,601,155,489,1160,4.47,724,1497,689,104,973,0.269,0.322,0.412,133,1079,126529835,42.1
2015 LAA,4.17,0.701,93,108,85,77,0.525,3.94,12,1355,630,166,466,1221,4.08,661,1331,621,52,1150,0.246,0.307,0.396,116,1013,151348162,30.1
2015 LAD,3.67,0.692,75,133,92,70,0.568,3.44,21,1317,553,145,395,1396,4.12,667,1346,638,59,1258,0.25,0.326,0.413,135,1121,301735080,43.7
2015 MIA,4.19,0.694,77,162,71,91,0.438,4.02,12,1374,638,141,508,1152,3.78,613,1420,575,112,1150,0.26,0.31,0.384,133,1059,63590525,25.0
2015 MIL,4.55,0.679,116,164,68,94,0.42,4.28,7,1432,682,176,517,1260,4.04,655,1378,624,84,1299,0.251,0.307,0.393,130,1026,94010873,18.7
2015 MIN,4.32,0.687,86,150,83,79,0.512,4.07,12,1506,653,163,413,1046,4.3,696,1349,661,70,1264,0.247,0.305,0.399,133,993,107981818,28.3
2015 NYM,3.78,0.697,88,131,90,72,0.556,3.43,14,1341,557,152,383,1337,4.22,683,1351,654,51,1290,0.244,0.312,0.4,130,1098,115698927,37.7
2015 NYY,4.31,0.685,93,135,87,75,0.537,4.03,4,1416,652,182,474,1370,4.72,764,1397,737,63,1227,0.251,0.323,0.421,105,1151,222528373,42.1
2015 OAK,4.5,0.691,126,154,68,94,0.42,4.14,15,1402,664,172,474,1179,4.28,694,1405,661,78,1119,0.251,0.312,0.395,124,1102,80376830,28.8
2015 PHI,4.99,0.667,117,145,63,99,0.389,4.69,7,1592,749,191,488,1153,3.86,626,1374,586,88,1274,0.249,0.303,0.382,119,1066,141722639,13.7
2015 PIT,3.68,0.679,122,177,98,64,0.605,3.21,13,1392,532,110,453,1338,4.3,697,1462,661,98,1322,0.26,0.323,0.396,115,1166,99435606,42.5
2015 SDP,4.51,0.683,92,138,74,88,0.457,4.09,6,1371,655,171,516,1393,4.01,650,1324,623,82,1327,0.243,0.3,0.385,108,1028,107915272,21.7
2015 SEA,4.48,0.688,94,155,76,86,0.469,4.16,12,1430,677,181,491,1283,4.05,656,1379,624,69,1336,0.249,0.311,0.411,123,1080,186413630,28.1
2015 SFG,3.87,0.706,78,145,84,78,0.519,3.72,18,1344,597,155,431,1165,4.3,696,1486,663,93,1159,0.267,0.326,0.406,142,1130,126045473,40.3
2015 STL,3.24,0.688,96,159,100,62,0.617,2.94,15,1359,478,123,477,1329,3.99,647,1386,619,69,1267,0.253,0.321,0.394,128,1152,132178951,49.6
2015 TBR,3.96,0.701,95,118,80,82,0.494,3.74,12,1314,604,175,477,1355,3.98,644,1383,612,87,1310,0.252,0.314,0.406,121,1075,73582652,39.3
2015 TEX,4.52,0.687,119,169,88,74,0.543,4.24,9,1459,680,171,508,1095,4.64,751,1419,707,101,1233,0.257,0.325,0.413,99,1130,152445607,35.8
2015 TOR,4.14,0.708,88,145,93,69,0.574,3.8,10,1353,609,173,397,1117,5.5,891,1480,852,88,1151,0.269,0.34,0.457,140,1057,138309664,50.5
2015 WSN,3.92,0.685,90,125,83,79,0.512,3.62,13,1366,577,145,364,1342,4.34,703,1363,665,57,1344,0.251,0.321,0.403,129,1114,165655095,35.3
2014 ARI,4.58,0.673,101,147,64,98,0.395,4.26,4,1467,683,154,469,1278,3.8,615,1379,573,86,1165,0.248,0.302,0.376,115,1092,106482519,16.2
2014 ATL,3.69,0.687,85,143,79,83,0.488,3.38,13,1369,547,121,472,1301,3.54,573,1316,545,95,1369,0.241,0.305,0.36,121,1128,116865707,31.0
2014 BAL,3.66,0.706,87,156,96,66,0.593,3.43,13,1342,557,151,472,1174,4.35,705,1434,681,44,1285,0.256,0.311,0.422,112,1088,113562943,46.7
2014 BOS,4.41,0.685,92,155,71,91,0.438,4.01,7,1458,653,154,482,1213,3.91,634,1355,601,63,1337,0.244,0.316,0.369,138,1168,170095758,25.3
2014 CHC,4.36,0.68,103,137,73,89,0.451,3.91,11,1398,636,115,504,1311,3.79,614,1315,590,65,1477,0.239,0.3,0.385,94,1069,89539741,24.2
2014 CHW,4.68,0.678,107,170,73,89,0.451,4.29,6,1468,687,140,557,1152,4.07,660,1400,625,85,1362,0.253,0.31,0.398,127,1071,89221236,26.5
2014 CIN,3.78,0.712,72,120,76,86,0.469,3.59,13,1282,576,163,507,1290,3.67,595,1282,562,122,1252,0.238,0.296,0.365,88,1037,113351318,30.6
2014 CLE,4.03,0.673,116,139,85,77,0.525,3.56,15,1398,581,135,464,1450,4.13,669,1411,644,104,1189,0.253,0.317,0.389,126,1154,84369908,38.8
2014 COL,5.05,0.678,106,166,66,96,0.407,4.84,4,1528,770,173,531,1074,4.66,755,1551,721,85,1281,0.276,0.327,0.445,121,1072,96659578,25.9
2014 DET,4.35,0.673,101,153,90,72,0.556,4.01,8,1475,648,127,462,1244,4.67,757,1557,731,106,1144,0.277,0.331,0.426,137,1111,171996220,43.0
2014 HOU,4.46,0.685,106,151,70,92,0.432,4.11,3,1437,657,139,484,1137,3.88,629,1317,596,122,1442,0.242,0.309,0.383,122,1086,51679490,24.6
2014 KCR,3.85,0.693,104,122,89,73,0.549,3.51,14,1386,565,128,440,1168,4.02,651,1456,604,153,985,0.263,0.314,0.376,131,1080,98558300,41.1
2014 LAA,3.89,0.703,83,127,98,64,0.605,3.58,13,1307,590,126,504,1342,4.77,773,1464,729,81,1266,0.259,0.322,0.406,112,1113,165403251,45.4
2014 LAD,3.81,0.69,107,145,94,68,0.58,3.4,16,1338,554,142,429,1373,4.43,718,1476,686,138,1246,0.265,0.333,0.406,119,1159,246367142,47.1
2014 MIA,4.16,0.675,97,154,77,85,0.475,3.78,16,1481,613,114,458,1190,3.98,645,1399,614,58,1419,0.253,0.317,0.378,143,1145,50671396,29.0
2014 MIL,4.06,0.696,99,130,82,80,0.506,3.67,9,1386,594,167,431,1246,4.01,650,1366,617,102,1197,0.25,0.311,0.397,135,1049,110577046,29.2
2014 MIN,4.8,0.672,97,136,70,92,0.432,4.57,7,1588,728,147,408,1031,4.41,715,1412,675,99,1329,0.254,0.324,0.389,97,1176,87494478,27.4
2014 NYM,3.81,0.688,104,158,79,83,0.488,3.49,11,1370,568,141,509,1303,3.88,629,1306,602,101,1264,0.239,0.308,0.364,112,1123,94478037,29.3
2014 NYY,4.1,0.687,92,107,84,78,0.519,3.75,10,1392,605,164,398,1370,3.91,633,1349,591,112,1133,0.245,0.307,0.38,111,1098,214898031,31.1
2014 OAK,3.53,0.71,111,150,88,74,0.543,3.22,13,1269,524,147,406,1244,4.5,729,1354,686,83,1104,0.244,0.32,0.381,118,1147,93518412,46.0
2014 PHI,4.24,0.693,83,133,73,89,0.451,3.79,12,1396,619,134,521,1255,3.82,619,1356,584,109,1306,0.242,0.302,0.363,94,1147,175061605,26.6
2014 PIT,3.9,0.694,109,148,88,74,0.543,3.47,7,1341,562,128,499,1228,4.21,682,1436,659,104,1244,0.259,0.33,0.404,127,1192,76974115,39.1
2014 SDP,3.56,0.695,101,124,77,85,0.475,3.27,10,1300,523,117,462,1284,3.3,535,1199,500,91,1294,0.226,0.292,0.342,118,1033,85001967,25.0
2014 SEA,3.42,0.712,82,139,87,75,0.537,3.17,9,1240,512,137,463,1317,3.91,634,1328,600,96,1232,0.244,0.3,0.376,112,1008,171336782,37.8
2014 SFG,3.79,0.703,100,155,88,74,0.543,3.5,12,1305,564,133,389,1211,4.1,665,1407,636,56,1245,0.255,0.311,0.388,113,1095,107034174,33.8
2014 STL,3.72,0.701,88,145,90,72,0.556,3.5,23,1321,564,123,470,1221,3.82,619,1371,585,57,1133,0.253,0.32,0.369,140,1145,121232929,35.1
2014 TBR,3.86,0.7,88,96,77,85,0.475,3.56,22,1292,579,145,482,1437,3.78,612,1361,586,63,1124,0.247,0.317,0.367,135,1193,76821046,36.1
2014 TEX,4.77,0.675,106,155,67,95,0.414,4.49,17,1510,711,160,505,1110,3.93,637,1400,597,105,1162,0.256,0.314,0.375,148,1066,139630583,20.9
2014 TOR,4.23,0.693,87,130,83,79,0.512,4,16,1400,642,151,490,1199,4.46,723,1435,690,78,1151,0.259,0.323,0.414,128,1122,141812172,39.3
2014 WSN,3.43,0.691,100,139,96,66,0.593,3.03,19,1351,495,110,352,1288,4.23,686,1403,635,101,1304,0.253,0.321,0.393,115,1160,149470982,46.1
2013 ARI,4.29,0.697,75,135,81,81,0.5,3.92,7,1460,651,176,485,1218,4.23,685,1468,647,62,1142,0.259,0.323,0.391,160,1160,88316478,29.5
2013 ATL,3.38,0.7,85,141,96,66,0.593,3.18,12,1326,512,127,409,1232,4.25,688,1354,656,64,1384,0.249,0.321,0.402,119,1132,94947950,44.9
2013 BAL,4.38,0.701,54,165,85,77,0.525,4.2,6,1438,678,202,473,1169,4.6,745,1460,719,79,1125,0.26,0.313,0.431,105,1053,100415869,36.5
2013 BOS,4.05,0.694,80,142,97,65,0.599,3.79,8,1366,613,156,524,1294,5.27,853,1566,819,123,1308,0.277,0.349,0.446,137,1212,170734264,55.4
2013 CHC,4.25,0.706,100,129,66,96,0.407,4,6,1332,643,160,540,1184,3.72,602,1307,576,63,1230,0.238,0.3,0.392,120,1092,100052899,26.6
2013 CHW,4.46,0.687,121,155,63,99,0.389,3.98,5,1424,643,182,509,1249,3.69,598,1385,574,105,1207,0.249,0.302,0.378,124,1068,111777595,22.1
2013 CIN,3.64,0.715,76,131,90,72,0.556,3.38,17,1294,554,170,435,1296,4.31,698,1370,664,67,1245,0.249,0.327,0.391,129,1191,103804640,43.9
2013 CLE,4.09,0.683,98,135,92,70,0.568,3.82,16,1359,611,147,554,1379,4.6,745,1391,711,117,1283,0.255,0.327,0.41,106,1126,93008897,39.4
2013 COL,4.69,0.674,90,162,74,88,0.457,4.44,5,1545,708,136,517,1064,4.36,706,1511,673,112,1204,0.27,0.323,0.418,111,1118,79271624,32.4
2013 DET,3.85,0.682,76,136,93,69,0.574,3.61,12,1369,587,128,462,1428,4.91,796,1625,767,35,1073,0.283,0.346,0.434,146,1250,155223539,52.6
2013 HOU,5.23,0.679,125,168,51,111,0.315,4.79,5,1530,766,191,616,1084,3.77,610,1307,566,110,1535,0.24,0.299,0.375,110,1007,35567913,7.6
2013 KCR,3.71,0.698,85,136,86,76,0.531,3.45,12,1366,555,155,469,1208,4,648,1443,620,153,1048,0.26,0.315,0.379,131,1110,84398434,39.2
2013 LAA,4.55,0.683,112,135,78,84,0.481,4.23,12,1475,685,167,533,1200,4.52,733,1476,696,82,1221,0.264,0.329,0.414,150,1144,141435103,34.5
2013 LAD,3.59,0.692,109,160,92,70,0.568,3.25,22,1321,524,127,460,1292,4.01,649,1447,618,78,1146,0.264,0.326,0.396,130,1175,239894375,46.0
2013 MIA,3.99,0.695,88,144,62,100,0.383,3.71,13,1376,602,121,526,1177,3.17,513,1257,485,78,1232,0.231,0.293,0.335,131,1080,36028542,18.7
2013 MIL,4.24,0.697,114,153,74,88,0.457,3.84,15,1401,615,175,466,1125,3.95,640,1381,610,142,1183,0.252,0.311,0.398,116,1071,88221045,24.6
2013 MIN,4.86,0.679,81,178,66,96,0.407,4.55,7,1591,733,168,458,985,3.79,614,1346,590,52,1430,0.242,0.312,0.38,103,1206,81458898,21.9
2013 NYM,4.22,0.691,93,127,74,88,0.457,3.77,10,1442,618,152,458,1209,3.82,619,1318,593,114,1384,0.237,0.306,0.366,106,1137,101300814,23.5
2013 NYY,4.14,0.687,69,139,85,77,0.525,3.94,10,1452,633,171,437,1233,4.01,650,1321,614,115,1214,0.242,0.307,0.376,121,1064,239288940,29.8
2013 OAK,3.86,0.708,97,112,96,66,0.593,3.56,13,1339,574,163,428,1183,4.73,767,1403,725,74,1178,0.254,0.327,0.419,108,1126,67055517,44.1
2013 PHI,4.62,0.679,97,141,73,89,0.451,4.32,3,1465,689,152,506,1199,3.77,610,1355,578,73,1205,0.248,0.306,0.384,131,1061,163536898,16.6
2013 PIT,3.56,0.698,106,154,94,68,0.58,3.26,16,1299,533,101,515,1261,3.91,634,1346,603,94,1330,0.245,0.313,0.396,120,1126,71480984,42.0
2013 SDP,4.32,0.696,83,140,76,86,0.469,3.98,6,1407,643,156,525,1171,3.81,618,1349,578,118,1309,0.245,0.308,0.378,99,1126,73286341,23.6
2013 SEA,4.65,0.683,88,149,71,91,0.438,4.31,14,1467,702,174,478,1297,3.85,624,1318,597,49,1353,0.237,0.306,0.39,122,1131,140280186,23.8
2013 SFG,4.27,0.689,107,128,76,86,0.469,4,13,1380,643,145,521,1256,3.88,629,1446,596,67,1078,0.26,0.32,0.381,131,1187,83220022,27.2
2013 STL,3.68,0.691,75,177,97,65,0.599,3.42,15,1366,555,112,451,1254,4.83,783,1494,745,45,1110,0.269,0.332,0.401,154,1087,120516627,40.9
2013 TBR,3.96,0.707,59,147,92,71,0.564,3.74,17,1315,608,153,482,1310,4.29,700,1421,670,73,1171,0.257,0.329,0.408,140,1172,74572903,40.2
2013 TEX,3.9,0.693,86,146,91,72,0.558,3.62,10,1370,589,157,498,1309,4.48,730,1465,691,149,1067,0.262,0.323,0.412,124,1110,137937146,47.7
2013 TOR,4.67,0.69,111,145,74,88,0.457,4.25,11,1451,685,195,500,1208,4.4,712,1398,669,112,1123,0.252,0.318,0.411,133,1065,131771168,31.7
2013 WSN,3.86,0.691,107,146,86,76,0.531,3.59,13,1367,576,142,405,1236,4.05,656,1365,621,88,1192,0.251,0.313,0.398,115,1071,116883274,31.1
2012 ARI,4.25,0.685,90,146,81,81,0.5,3.93,9,1432,626,155,417,1200,4.53,734,1416,710,93,1266,0.259,0.328,0.418,108,1122,82959205,33.2
2012 ATL,3.7,0.703,86,147,94,68,0.58,3.42,16,1310,549,145,464,1232,4.32,700,1341,660,101,1289,0.247,0.32,0.389,108,1127,97928056,37.0
2012 BAL,4.35,0.699,106,151,93,69,0.574,3.9,10,1433,642,184,481,1177,4.4,712,1375,677,58,1315,0.247,0.311,0.417,152,1027,83725868,37.9
2012 BOS,4.98,0.689,101,159,69,93,0.426,4.7,4,1449,754,190,529,1176,4.53,734,1459,695,97,1197,0.26,0.315,0.415,105,1076,175279051,23.2
2012 CHC,4.69,0.692,105,148,61,101,0.377,4.51,9,1399,708,175,573,1128,3.78,613,1297,570,94,1235,0.24,0.302,0.378,125,1044,116341526,16.6
2012 CHW,4.17,0.702,70,154,85,77,0.525,4.02,11,1365,646,186,503,1246,4.62,748,1409,726,109,1203,0.255,0.318,0.422,112,1038,108972203,42.4
2012 CIN,3.63,0.699,89,113,97,65,0.599,3.34,12,1356,540,152,427,1248,4.13,669,1377,636,87,1266,0.251,0.315,0.411,100,1135,89901498,41.6
2012 CLE,5.22,0.685,96,157,68,94,0.42,4.78,6,1503,766,174,543,1086,4.12,667,1385,635,110,1087,0.251,0.324,0.381,141,1162,77319538,20.3
2012 COL,5.49,0.657,122,139,64,98,0.395,5.22,7,1637,824,198,566,1144,4.68,758,1526,716,100,1213,0.274,0.33,0.436,132,1111,88210881,23.0
2012 DET,4.14,0.678,99,127,88,74,0.543,3.75,8,1409,596,151,438,1318,4.48,726,1467,698,59,1103,0.268,0.335,0.422,156,1121,144262284,42.7
2012 HOU,4.9,0.675,118,132,55,107,0.34,4.56,11,1493,721,173,540,1170,3.6,583,1276,545,105,1365,0.236,0.302,0.371,114,1090,54547239,10.7
2012 KCR,4.6,0.673,113,171,72,90,0.444,4.3,12,1504,693,163,542,1177,4.17,676,1492,643,132,1032,0.265,0.317,0.4,130,1087,70344235,31.6
2012 LAA,4.31,0.708,98,141,89,73,0.549,4.02,16,1339,640,186,483,1157,4.73,767,1518,732,134,1113,0.274,0.332,0.433,138,1079,157168625,45.5
2012 LAD,3.69,0.702,98,138,86,76,0.531,3.34,10,1277,538,122,539,1276,3.93,637,1369,607,104,1156,0.252,0.317,0.374,139,1112,120784717,36.3
2012 MIA,4.47,0.685,103,154,69,93,0.426,4.09,7,1448,655,133,495,1113,3.76,609,1327,576,149,1228,0.244,0.308,0.382,114,1092,98392974,21.2
2012 MIL,4.52,0.672,99,133,83,79,0.512,4.22,9,1458,682,169,525,1402,4.79,776,1442,741,158,1240,0.259,0.325,0.437,111,1104,110905300,29.6
2012 MIN,5.14,0.69,107,188,66,96,0.407,4.77,6,1536,762,198,465,943,4.33,701,1448,666,135,1069,0.26,0.325,0.39,149,1144,109130327,25.3
2012 NYM,4.38,0.694,101,135,74,88,0.457,4.09,13,1368,651,161,488,1240,4.01,650,1357,625,79,1250,0.249,0.316,0.386,118,1118,105869476,23.8
2012 NYY,4.12,0.693,75,135,95,67,0.586,3.84,9,1401,617,190,431,1318,4.96,804,1462,774,93,1176,0.265,0.337,0.453,136,1135,228495456,51.0
2012 OAK,3.79,0.704,111,135,94,68,0.58,3.48,13,1360,569,147,462,1136,4.4,713,1315,676,122,1387,0.238,0.31,0.404,97,1095,58973573,47.7
2012 PHI,4.2,0.686,101,118,81,81,0.5,3.83,11,1387,618,178,409,1385,4.22,684,1414,659,116,1094,0.255,0.317,0.4,114,1135,179900523,30.0
2012 PIT,4.16,0.697,112,126,79,83,0.488,3.86,10,1357,615,153,490,1192,4.02,651,1313,620,73,1354,0.243,0.304,0.395,98,1049,61803269,26.1
2012 SDP,4.38,0.697,121,97,76,86,0.469,4.01,11,1356,640,162,539,1205,4.02,651,1339,610,155,1238,0.247,0.319,0.38,100,1146,63839413,25.7
2012 SEA,4.02,0.707,72,155,75,87,0.463,3.76,11,1359,608,166,449,1166,3.82,619,1285,584,104,1259,0.234,0.296,0.369,95,1052,137523205,34.4
2012 SFG,4.01,0.693,115,134,94,68,0.58,3.68,14,1361,593,142,489,1237,4.43,718,1495,675,118,1097,0.269,0.327,0.397,114,1171,84439430,37.9
2012 STL,4,0.686,107,149,88,74,0.543,3.71,10,1420,603,134,436,1218,4.72,765,1526,732,91,1192,0.271,0.338,0.421,135,1198,120461369,40.8
2012 TBR,3.56,0.704,114,155,90,72,0.556,3.19,15,1233,518,139,469,1383,4.3,697,1293,665,134,1323,0.24,0.317,0.394,133,1058,70242330,45.6
2012 TEX,4.36,0.694,85,136,93,69,0.574,3.99,10,1378,639,175,446,1286,4.99,808,1526,780,91,1103,0.273,0.334,0.446,121,1113,138226346,44.9
2012 TOR,4.84,0.694,101,167,73,89,0.451,4.64,11,1439,745,204,574,1142,4.42,716,1346,677,123,1251,0.245,0.309,0.407,109,1026,97293922,28.2
2012 WSN,3.67,0.702,94,134,98,64,0.605,3.33,9,1296,543,129,497,1325,4.51,731,1468,688,105,1325,0.261,0.322,0.428,110,1127,98256813,45.7
2011 ARI,4.09,0.701,90,131,94,68,0.58,3.8,12,1414,609,159,442,1058,4.51,731,1357,702,133,1249,0.25,0.322,0.413,82,1064,65784971,34.1
2011 ATL,3.73,0.699,83,131,89,73,0.549,3.48,16,1332,572,125,521,1332,3.96,641,1345,606,77,1260,0.243,0.308,0.387,113,1109,99830230,31.8
2011 BAL,5.31,0.682,110,159,69,93,0.426,4.89,7,1568,786,210,535,1044,4.37,708,1434,684,81,1120,0.257,0.316,0.413,154,1069,94391741,21.6
2011 BOS,4.55,0.701,92,120,90,72,0.556,4.2,13,1366,680,156,540,1213,5.4,875,1600,842,102,1108,0.28,0.349,0.461,136,1190,172553261,50.3
2011 CHC,4.67,0.678,134,128,71,91,0.438,4.33,5,1439,690,162,580,1224,4.04,654,1423,610,69,1202,0.256,0.314,0.401,123,1141,139477698,21.4
2011 CHW,4.36,0.685,79,129,79,83,0.488,4.1,14,1463,665,147,439,1220,4.04,654,1387,625,81,989,0.252,0.319,0.388,125,1126,130623749,32.1
2011 CIN,4.44,0.705,91,146,79,83,0.488,4.16,5,1414,678,185,539,1112,4.54,735,1438,697,97,1250,0.256,0.326,0.408,98,1189,81920546,31.6
2011 CLE,4.69,0.692,110,130,80,82,0.494,4.23,4,1482,683,153,463,1024,4.35,704,1380,671,89,1269,0.25,0.317,0.396,111,1075,55960593,30.0
2011 COL,4.78,0.688,98,156,73,89,0.451,4.43,7,1471,713,176,522,1118,4.54,735,1429,697,118,1201,0.258,0.329,0.41,112,1172,83262170,28.0
2011 DET,4.39,0.692,103,148,95,67,0.586,4.04,14,1406,647,149,492,1115,4.86,787,1540,750,49,1143,0.277,0.34,0.434,142,1165,111521015,41.8
2011 FLA,4.33,0.694,93,126,72,90,0.444,3.95,11,1403,640,149,500,1218,3.86,625,1358,596,95,1244,0.247,0.318,0.388,111,1198,65287393,27.1
2011 HOU,4.91,0.68,116,140,56,106,0.346,4.51,6,1477,719,188,560,1191,3.8,615,1442,579,118,1164,0.258,0.311,0.374,111,1154,85574503,13.4
2011 KCR,4.7,0.687,95,149,71,91,0.438,4.44,6,1487,716,163,557,1080,4.51,730,1560,705,153,1006,0.275,0.329,0.415,121,1156,40693273,36.0
2011 LAA,3.91,0.704,93,157,86,76,0.531,3.57,11,1388,581,142,476,1058,4.12,667,1394,629,135,1086,0.253,0.313,0.402,126,1051,146648559,41.8
2011 LAD,3.8,0.701,85,121,82,79,0.509,3.54,17,1287,563,132,507,1265,4,644,1395,613,126,1087,0.257,0.322,0.375,101,1165,118668615,34.4
2011 MIL,3.94,0.694,111,130,96,66,0.593,3.63,13,1348,582,147,440,1257,4.45,721,1422,693,94,1083,0.261,0.325,0.425,114,1110,92127802,39.8
2011 MIN,4.96,0.677,119,153,63,99,0.389,4.58,8,1564,724,161,480,940,3.82,619,1357,572,92,1048,0.247,0.306,0.36,115,1080,113979594,13.1
2011 NYM,4.58,0.683,116,126,77,85,0.475,4.19,9,1482,674,147,514,1126,4.43,718,1477,676,130,1085,0.264,0.335,0.391,112,1257,141831841,26.7
2011 NYY,4.06,0.688,102,141,97,65,0.599,3.73,8,1423,605,152,507,1222,5.35,867,1452,836,147,1138,0.263,0.343,0.444,146,1114,213559678,53.7
2011 OAK,4.19,0.692,124,145,74,88,0.457,3.71,12,1380,597,136,519,1160,3.98,645,1330,612,117,1094,0.244,0.311,0.369,119,1106,76483048,30.6
2011 PHI,3.27,0.703,74,135,102,60,0.63,3.02,21,1320,495,120,404,1299,4.4,713,1409,693,96,1024,0.253,0.323,0.395,108,1197,169968182,53.9
2011 PIT,4.4,0.684,112,154,72,90,0.444,4.04,11,1513,650,152,535,1031,3.77,610,1325,580,108,1308,0.244,0.309,0.368,123,1079,48592727,20.0
2011 SDP,3.77,0.704,94,139,71,91,0.438,3.42,10,1324,551,125,521,1139,3.66,593,1284,563,170,1320,0.237,0.305,0.349,105,1103,48018810,26.3
2011 SEA,4.17,0.698,108,152,67,95,0.414,3.9,10,1369,621,145,436,1088,3.43,556,1263,534,125,1280,0.233,0.292,0.348,82,1083,125982250,23.7
2011 SFG,3.57,0.701,104,127,86,76,0.531,3.2,12,1260,522,96,559,1316,3.52,570,1327,534,85,1122,0.242,0.303,0.368,117,1127,101429148,30.8
2011 STL,4.27,0.687,116,167,90,72,0.556,3.74,9,1461,608,136,448,1098,4.7,762,1513,726,57,978,0.273,0.341,0.425,169,1127,116857312,37.0
2011 TBR,3.79,0.724,73,138,91,71,0.562,3.58,13,1263,577,161,504,1143,4.36,707,1324,674,155,1193,0.244,0.322,0.402,101,1118,46098532,50.4
2011 TEX,4.18,0.704,114,164,96,66,0.593,3.79,19,1327,607,170,461,1179,5.28,855,1599,807,143,930,0.283,0.34,0.46,135,1126,103741721,54.7
2011 TOR,4.7,0.693,110,148,81,81,0.5,4.32,10,1433,700,179,540,1169,4.59,743,1384,704,131,1184,0.249,0.317,0.413,108,1090,73491604,35.0
2011 WSN,3.99,0.697,104,145,80,81,0.497,3.58,10,1403,577,129,477,1049,3.88,624,1319,594,106,1323,0.242,0.309,0.383,103,1114,74988723,27.4
2010 ARI,5.16,0.689,102,152,65,97,0.401,4.81,3,1503,765,210,548,1070,4.4,713,1366,691,86,1529,0.25,0.325,0.416,113,1139,60718167,17.5
2010 ATL,3.88,0.69,126,166,91,71,0.562,3.56,9,1326,569,126,505,1241,4.56,738,1411,699,63,1140,0.258,0.339,0.401,136,1222,84423667,41.3
2010 BAL,4.85,0.69,105,141,66,96,0.407,4.59,7,1508,733,186,520,1007,3.78,613,1440,577,76,1056,0.259,0.316,0.386,154,1139,81612500,24.1
2010 BOS,4.59,0.691,111,132,89,73,0.549,4.2,9,1402,679,152,580,1207,5.05,818,1511,782,68,1140,0.268,0.339,0.451,130,1200,162747333,47.0
2010 CHC,4.73,0.681,126,137,75,87,0.463,4.18,14,1409,668,154,605,1268,4.23,685,1414,658,55,1236,0.257,0.32,0.401,124,1129,146859000,23.1
2010 CHW,4.35,0.679,103,158,88,74,0.543,4.09,11,1471,658,136,490,1149,4.64,752,1467,710,160,922,0.268,0.332,0.42,148,1046,108273197,41.6
2010 CIN,4.23,0.701,72,142,91,71,0.562,4.01,9,1404,648,158,524,1130,4.88,790,1515,761,93,1218,0.272,0.338,0.436,113,1174,72386544,41.2
2010 CLE,4.64,0.687,110,179,69,93,0.426,4.3,4,1477,684,147,572,967,3.99,646,1362,601,91,1184,0.248,0.322,0.378,118,1186,61203967,26.8
2010 COL,4.43,0.682,101,182,83,79,0.512,4.14,12,1405,663,139,525,1234,4.75,770,1452,741,99,1274,0.263,0.336,0.425,103,1175,84227000,36.5
2010 DET,4.59,0.688,109,171,81,81,0.5,4.3,5,1445,690,142,537,1056,4.64,751,1515,717,69,1147,0.268,0.335,0.415,118,1229,122864929,36.7
2010 FLA,4.43,0.681,123,130,80,82,0.494,4.08,17,1433,652,134,549,1168,4.44,719,1403,686,92,1375,0.254,0.321,0.403,107,1154,55641500,29.7
2010 HOU,4.5,0.68,103,135,76,86,0.469,4.09,11,1446,654,140,548,1210,3.77,611,1348,577,100,1025,0.247,0.303,0.362,130,1060,92355500,16.7
2010 KCR,5.22,0.679,121,138,67,95,0.414,4.97,3,1553,794,176,551,1035,4.17,676,1534,640,115,905,0.274,0.331,0.399,152,1173,72267710,23.7
2010 LAA,4.33,0.692,113,116,80,82,0.494,4.04,9,1422,651,148,565,1130,4.2,681,1363,656,104,1070,0.248,0.311,0.39,125,1049,105013667,30.5
2010 LAD,4.27,0.697,98,124,80,82,0.494,4.01,16,1323,643,134,539,1274,4.12,667,1368,621,92,1184,0.252,0.322,0.379,123,1142,94945517,27.7
2010 MIL,4.96,0.675,101,142,77,85,0.475,4.58,7,1487,733,173,582,1258,4.63,750,1471,710,81,1216,0.262,0.335,0.424,115,1220,81108279,26.4
2010 MIN,4.14,0.69,78,150,94,68,0.58,3.95,13,1493,638,155,383,1048,4.82,781,1521,749,68,967,0.273,0.341,0.422,159,1156,97559167,45.3
2010 NYM,4.02,0.691,87,159,79,83,0.488,3.7,19,1438,597,135,545,1106,4.05,656,1361,625,130,1095,0.249,0.314,0.383,101,1124,132701445,30.7
2010 NYY,4.28,0.709,69,161,95,67,0.586,4.06,8,1349,651,179,540,1154,5.3,859,1485,823,103,1136,0.267,0.35,0.436,124,1228,206333389,50.1
2010 OAK,3.86,0.711,99,147,81,81,0.5,3.56,17,1315,566,153,512,1070,4.09,663,1396,619,156,1061,0.256,0.324,0.378,129,1159,51654900,41.3
2010 PHI,3.95,0.698,83,158,97,65,0.599,3.67,21,1402,594,168,416,1183,4.77,772,1451,736,108,1064,0.26,0.332,0.413,120,1194,141927381,45.2
2010 PIT,5.35,0.671,127,120,57,105,0.352,5,6,1567,784,167,538,1026,3.62,587,1303,570,87,1207,0.242,0.304,0.373,119,1078,34943000,3.0
2010 SDP,3.59,0.703,72,141,90,72,0.556,3.39,20,1305,549,139,517,1295,4.1,665,1338,630,124,1183,0.246,0.317,0.371,106,1125,37799300,36.1
2010 SEA,4.31,0.705,110,145,61,101,0.377,3.93,10,1402,628,157,452,973,3.17,513,1274,485,142,1184,0.236,0.298,0.339,110,1116,97828833,21.5
2010 SFG,3.6,0.707,73,110,92,70,0.568,3.36,17,1279,546,134,578,1331,4.3,697,1411,660,55,1099,0.257,0.321,0.408,158,1092,98376667,43.3
2010 STL,3.96,0.694,99,172,86,76,0.531,3.57,16,1412,577,133,477,1094,4.54,736,1456,689,79,1027,0.263,0.332,0.402,124,1164,93540753,39.2
2010 TBR,4.01,0.709,85,134,96,66,0.593,3.78,12,1347,611,175,478,1189,4.95,802,1343,769,172,1292,0.247,0.333,0.403,92,1152,71923471,48.9
2010 TEX,4.24,0.704,105,133,90,72,0.556,3.93,8,1355,636,162,551,1181,4.86,787,1556,740,123,986,0.276,0.338,0.419,129,1174,55250545,44.7
2010 TOR,4.49,0.689,92,172,85,77,0.525,4.22,11,1407,676,150,539,1184,4.66,755,1364,732,58,1164,0.248,0.312,0.454,114,1017,62689357,39.2
2010 WSN,4.58,0.684,127,148,69,93,0.426,4.13,5,1469,658,151,512,1068,4.04,655,1355,634,110,1220,0.25,0.318,0.39,125,1113,61425000,19.7
